{
  "lang":"en",
  "name":"pipeline",
  "version":"0.0.0",
  "spacy_version":">=3.7.2,<3.8.0",
  "description":"",
  "author":"",
  "email":"",
  "url":"",
  "license":"",
  "spacy_git_version":"a89eae928",
  "vectors":{
    "width":0,
    "vectors":0,
    "keys":0,
    "name":null,
    "mode":"default"
  },
  "labels":{
    "tok2vec":[

    ],
    "ner":[
      "DISH",
      "EQUIPMENT",
      "INGREDIENT"
    ]
  },
  "pipeline":[
    "tok2vec",
    "ner"
  ],
  "components":[
    "tok2vec",
    "ner"
  ],
  "disabled":[

  ],
  "performance":{
    "ents_f":0.3815967524,
    "ents_p":0.4159292035,
    "ents_r":0.3525,
    "ents_per_type":{
      "DISH":{
        "p":0.5588235294,
        "r":0.2171428571,
        "f":0.3127572016
      },
      "EQUIPMENT":{
        "p":0.3947368421,
        "r":0.3658536585,
        "f":0.3797468354
      },
      "INGREDIENT":{
        "p":0.3743589744,
        "r":0.5104895105,
        "f":0.4319526627
      }
    },
    "tok2vec_loss":436.1281463772,
    "ner_loss":1813.479415366
  }
}